Workbook

Sheet A验收
A2: 角色 A 验收
A3: 黄色单元格由C依据角色进度文件或PR清单回填。状态必须同时有实际值、证据、Commit/PR和接收确认；主文件由C单写。
A5: 项目ID | B5: 截止时间 | C5: 验收项 | D5: 目标或通过条件 | E5: 指标类型 | F5: 比较符 | G5: 目标值 | H5: 实际值 | I5: 单位 | J5: 证据路径或链接 | K5: Commit或PR | L5: 接收人 | M5: 接收确认 | N5: 状态 | O5: 备注或阻塞
A6: A-01 | B6: 46283.917 | C6: 目标文章状态台账 | D6: 目标清单中的文章全部登记；目标数为100，实际不足须说明缺口 | E6: 数值 | F6: >= | G6: 100 | I6: 篇 | L6: C | N6: =IF(H6="","待填写",IF(OR(J6="",K6=""),"缺证据",IF(M6="","待接收",IF(E6="数值",IF(IF(F6=">=",H6>=G6,IF(F6="<=",H6<=G6,H6=G6)),IF(M6="通过","通过",IF(M6="退回","退回","待接收")),"未达标"),IF(E6="结论",IF(OR(H6="启用",H6="不启用"),IF(M6="通过","通过",IF(M6="退回","退回","待接收")),"未达标"),IF(H6=G6,IF(M6="通过","通过",IF(M6="退回","退回","待接收")),"未达标"))))))
A7: A-02 | B7: 46283.917 | C7: 状态与失败原因覆盖率 | D7: 每篇都有状态；failed必须有原因 | E7: 数值 | F7: >= | G7: 100 | I7: % | L7: C | N7: =IF(H7="","待填写",IF(OR(J7="",K7=""),"缺证据",IF(M7="","待接收",IF(E7="数值",IF(IF(F7=">=",H7>=G7,IF(F7="<=",H7<=G7,H7=G7)),IF(M7="通过","通过",IF(M7="退回","退回","待接收")),"未达标"),IF(E7="结论",IF(OR(H7="启用",H7="不启用"),IF(M7="通过","通过",IF(M7="退回","退回","待接收")),"未达标"),IF(H7=G7,IF(M7="通过","通过",IF(M7="退回","退回","待接收")),"未达标"))))))
A8: A-03 | B8: 46282.917 | C8: 固定样本数量 | D8: 优先2文本、2海报、1多人或混合；不足时写明真实构成 | E8: 数值 | F8: >= | G8: 5 | I8: 篇 | L8: B/C | N8: =IF(H8="","待填写",IF(OR(J8="",K8=""),"缺证据",IF(M8="","待接收",IF(E8="数值",IF(IF(F8=">=",H8>=G8,IF(F8="<=",H8<=G8,H8=G8)),IF(M8="通过","通过",IF(M8="退回","退回","待接收")),"未达标"),IF(E8="结论",IF(OR(H8="启用",H8="不启用"),IF(M8="通过","通过",IF(M8="退回","退回","待接收")),"未达标"),IF(H8=G8,IF(M8="通过","通过",IF(M8="退回","退回","待接收")),"未达标"))))))
A9: A-04 | B9: 46282.917 | C9: 固定样本Schema通过数 | D9: article_bundle.v1校验5/5通过 | E9: 数值 | F9: >= | G9: 5 | I9: 篇 | L9: B/C | N9: =IF(H9="","待填写",IF(OR(J9="",K9=""),"缺证据",IF(M9="","待接收",IF(E9="数值",IF(IF(F9=">=",H9>=G9,IF(F9="<=",H9<=G9,H9=G9)),IF(M9="通过","通过",IF(M9="退回","退回","待接收")),"未达标"),IF(E9="结论",IF(OR(H9="启用",H9="不启用"),IF(M9="通过","通过",IF(M9="退回","退回","待接收")),"未达标"),IF(H9=G9,IF(M9="通过","通过",IF(M9="退回","退回","待接收")),"未达标"))))))
A10: A-05 | B10: 46284.75 | C10: 最小请求间隔 | D10: 正常门户请求间隔不得低于0.8秒 | E10: 数值 | F10: >= | G10: 0.8 | I10: 秒 | L10: C | N10: =IF(H10="","待填写",IF(OR(J10="",K10=""),"缺证据",IF(M10="","待接收",IF(E10="数值",IF(IF(F10=">=",H10>=G10,IF(F10="<=",H10<=G10,H10=G10)),IF(M10="通过","通过",IF(M10="退回","退回","待接收")),"未达标"),IF(E10="结论",IF(OR(H10="启用",H10="不启用"),IF(M10="通过","通过",IF(M10="退回","退回","待接收")),"未达标"),IF(H10=G10,IF(M10="通过","通过",IF(M10="退回","退回","待接收")),"未达标"))))))
A11: A-06 | B11: 46284.75 | C11: 最大请求间隔 | D11: 正常门户请求间隔不得高于1.5秒 | E11: 数值 | F11: <= | G11: 1.5 | I11: 秒 | L11: C | N11: =IF(H11="","待填写",IF(OR(J11="",K11=""),"缺证据",IF(M11="","待接收",IF(E11="数值",IF(IF(F11=">=",H11>=G11,IF(F11="<=",H11<=G11,H11=G11)),IF(M11="通过","通过",IF(M11="退回","退回","待接收")),"未达标"),IF(E11="结论",IF(OR(H11="启用",H11="不启用"),IF(M11="通过","通过",IF(M11="退回","退回","待接收")),"未达标"),IF(H11=G11,IF(M11="通过","通过",IF(M11="退回","退回","待接收")),"未达标"))))))
A12: A-07 | B12: 46284.75 | C12: 最多重试次数 | D12: 超时、429、5xx最多重试3次 | E12: 数值 | F12: = | G12: 3 | I12: 次 | L12: C | N12: =IF(H12="","待填写",IF(OR(J12="",K12=""),"缺证据",IF(M12="","待接收",IF(E12="数值",IF(IF(F12=">=",H12>=G12,IF(F12="<=",H12<=G12,H12=G12)),IF(M12="通过","通过",IF(M12="退回","退回","待接收")),"未达标"),IF(E12="结论",IF(OR(H12="启用",H12="不启用"),IF(M12="通过","通过",IF(M12="退回","退回","待接收")),"未达标"),IF(H12=G12,IF(M12="通过","通过",IF(M12="退回","退回","待接收")),"未达标"))))))
A13: A-08 | B13: 46284.75 | C13: 断点续采 | D13: 中断后只继续未完成项 | E13: 是非 | F13: = | G13: 是 | L13: C | N13: =IF(H13="","待填写",IF(OR(J13="",K13=""),"缺证据",IF(M13="","待接收",IF(E13="数值",IF(IF(F13=">=",H13>=G13,IF(F13="<=",H13<=G13,H13=G13)),IF(M13="通过","通过",IF(M13="退回","退回","待接收")),"未达标"),IF(E13="结论",IF(OR(H13="启用",H13="不启用"),IF(M13="通过","通过",IF(M13="退回","退回","待接收")),"未达标"),IF(H13=G13,IF(M13="通过","通过",IF(M13="退回","退回","待接收")),"未达标"))))))
A14: A-09 | B14: 46284.75 | C14: 重复运行新增重复项 | D14: 同一数据连续运行两次不产生重复notice_id | E14: 数值 | F14: = | G14: 0 | I14: 条 | L14: C | N14: =IF(H14="","待填写",IF(OR(J14="",K14=""),"缺证据",IF(M14="","待接收",IF(E14="数值",IF(IF(F14=">=",H14>=G14,IF(F14="<=",H14<=G14,H14=G14)),IF(M14="通过","通过",IF(M14="退回","退回","待接收")),"未达标"),IF(E14="结论",IF(OR(H14="启用",H14="不启用"),IF(M14="通过","通过",IF(M14="退回","退回","待接收")),"未达标"),IF(H14=G14,IF(M14="通过","通过",IF(M14="退回","退回","待接收")),"未达标"))))))
A15: A-10 | B15: 46284.75 | C15: 敏感文件命中 | D15: Cookie、账号、原始个人海报、密钥和未脱敏响应命中为0 | E15: 数值 | F15: = | G15: 0 | I15: 项 | L15: C | N15: =IF(H15="","待填写",IF(OR(J15="",K15=""),"缺证据",IF(M15="","待接收",IF(E15="数值",IF(IF(F15=">=",H15>=G15,IF(F15="<=",H15<=G15,H15=G15)),IF(M15="通过","通过",IF(M15="退回","退回","待接收")),"未达标"),IF(E15="结论",IF(OR(H15="启用",H15="不启用"),IF(M15="通过","通过",IF(M15="退回","退回","待接收")),"未达标"),IF(H15=G15,IF(M15="通过","通过",IF(M15="退回","退回","待接收")),"未达标"))))))
A16: A-11 | B16: 46285.625 | C16: PR与队友检查 | D16: Draft PR已更新，至少一名队友完成检查 | E16: 是非 | F16: = | G16: 是 | L16: C | N16: =IF(H16="","待填写",IF(OR(J16="",K16=""),"缺证据",IF(M16="","待接收",IF(E16="数值",IF(IF(F16=">=",H16>=G16,IF(F16="<=",H16<=G16,H16=G16)),IF(M16="通过","通过",IF(M16="退回","退回","待接收")),"未达标"),IF(E16="结论",IF(OR(H16="启用",H16="不启用"),IF(M16="通过","通过",IF(M16="退回","退回","待接收")),"未达标"),IF(H16=G16,IF(M16="通过","通过",IF(M16="退回","退回","待接收")),"未达标"))))))
A17: A-12 | B17: 46284.75 | C17: Scheduler触发SyncService | D17: 周期配置可运行，调度器不复制采集逻辑 | E17: 是非 | F17: = | G17: 是 | L17: C | N17: =IF(H17="","待填写",IF(OR(J17="",K17=""),"缺证据",IF(M17="","待接收",IF(E17="数值",IF(IF(F17=">=",H17>=G17,IF(F17="<=",H17<=G17,H17=G17)),IF(M17="通过","通过",IF(M17="退回","退回","待接收")),"未达标"),IF(E17="结论",IF(OR(H17="启用",H17="不启用"),IF(M17="通过","通过",IF(M17="退回","退回","待接收")),"未达标"),IF(H17=G17,IF(M17="通过","通过",IF(M17="退回","退回","待接收")),"未达标"))))))
A18: A-13 | B18: 46284.75 | C18: 单实例锁与任务状态 | D18: 并发触发只运行一个任务，状态和游标可查询 | E18: 是非 | F18: = | G18: 是 | L18: C | N18: =IF(H18="","待填写",IF(OR(J18="",K18=""),"缺证据",IF(M18="","待接收",IF(E18="数值",IF(IF(F18=">=",H18>=G18,IF(F18="<=",H18<=G18,H18=G18)),IF(M18="通过","通过",IF(M18="退回","退回","待接收")),"未达标"),IF(E18="结论",IF(OR(H18="启用",H18="不启用"),IF(M18="通过","通过",IF(M18="退回","退回","待接收")),"未达标"),IF(H18=G18,IF(M18="通过","通过",IF(M18="退回","退回","待接收")),"未达标"))))))

Sheet B验收
A2: 角色 B 验收
A3: 黄色单元格由C依据角色进度文件或PR清单回填。状态必须同时有实际值、证据、Commit/PR和接收确认；主文件由C单写。
A5: 项目ID | B5: 截止时间 | C5: 验收项 | D5: 目标或通过条件 | E5: 指标类型 | F5: 比较符 | G5: 目标值 | H5: 实际值 | I5: 单位 | J5: 证据路径或链接 | K5: Commit或PR | L5: 接收人 | M5: 接收确认 | N5: 状态 | O5: 备注或阻塞
A6: B-01 | B6: 46283.917 | C6: 人工金标准样本数 | D6: 固定20张海报；记录匿名ID和SHA-256 | E6: 数值 | F6: >= | G6: 20 | H6: =COUNTIF('20样本评测'!AA15:AA34,"通过") | I6: 张 | K6: PR #5 | L6: C | N6: =IF(H6="","待填写",IF(OR(J6="",K6=""),"缺证据",IF(M6="","待接收",IF(E6="数值",IF(IF(F6=">=",H6>=G6,IF(F6="<=",H6<=G6,H6=G6)),IF(M6="通过","通过",IF(M6="退回","退回","待接收")),"未达标"),IF(E6="结论",IF(OR(H6="启用",H6="不启用"),IF(M6="通过","通过",IF(M6="退回","退回","待接收")),"未达标"),IF(H6=G6,IF(M6="通过","通过",IF(M6="退回","退回","待接收")),"未达标"))))))
A7: B-02 | B7: 46283.917 | C7: 金标准人工完成 | D7: 模型输出不得代替人工答案 | E7: 是非 | F7: = | G7: 是 | H7: 是 | J7: data/gold/gold_20.json + adjudication_log.json（人工盲填，模型输出未代填） | K7: PR #5 | L7: C | N7: =IF(H7="","待填写",IF(OR(J7="",K7=""),"缺证据",IF(M7="","待接收",IF(E7="数值",IF(IF(F7=">=",H7>=G7,IF(F7="<=",H7<=G7,H7=G7)),IF(M7="通过","通过",IF(M7="退回","退回","待接收")),"未达标"),IF(E7="结论",IF(OR(H7="启用",H7="不启用"),IF(M7="通过","通过",IF(M7="退回","退回","待接收")),"未达标"),IF(H7=G7,IF(M7="通过","通过",IF(M7="退回","退回","待接收")),"未达标"))))))
A8: B-03 | B8: 46284.5 | C8: 固定样本抽取数 | D8: 5篇固定样本产生extraction_bundle.v1 | E8: 数值 | F8: >= | G8: 5 | H8: 5 | I8: 篇 | J8: evidence/week1/B/test-output-extraction.txt（bundle原文件按PII策略存受控目录） | K8: PR #5 | L8: C | N8: =IF(H8="","待填写",IF(OR(J8="",K8=""),"缺证据",IF(M8="","待接收",IF(E8="数值",IF(IF(F8=">=",H8>=G8,IF(F8="<=",H8<=G8,H8=G8)),IF(M8="通过","通过",IF(M8="退回","退回","待接收")),"未达标"),IF(E8="结论",IF(OR(H8="启用",H8="不启用"),IF(M8="通过","通过",IF(M8="退回","退回","待接收")),"未达标"),IF(H8=G8,IF(M8="通过","通过",IF(M8="退回","退回","待接收")),"未达标"))))))
A9: B-04 | B9: 46284.5 | C9: 固定样本Schema通过数 | D9: extraction_bundle.v1校验5/5通过 | E9: 数值 | F9: >= | G9: 5 | H9: 5 | I9: 篇 | J9: evidence/week1/B/test-output-extraction.txt（extraction_bundle.v1 5/5通过） | K9: PR #5 | L9: C | N9: =IF(H9="","待填写",IF(OR(J9="",K9=""),"缺证据",IF(M9="","待接收",IF(E9="数值",IF(IF(F9=">=",H9>=G9,IF(F9="<=",H9<=G9,H9=G9)),IF(M9="通过","通过",IF(M9="退回","退回","待接收")),"未达标"),IF(E9="结论",IF(OR(H9="启用",H9="不启用"),IF(M9="通过","通过",IF(M9="退回","退回","待接收")),"未达标"),IF(H9=G9,IF(M9="通过","通过",IF(M9="退回","退回","待接收")),"未达标"))))))
A10: B-05 | B10: 46284.75 | C10: 届别字段准确率 | D10: 单独计算，不以总平均替代 | E10: 数值 | F10: >= | G10: 90 | H10: =IF('20样本评测'!D6="","",'20样本评测'!D6*100) | I10: % | K10: PR #5 | L10: C | N10: =IF(H10="","待填写",IF(OR(J10="",K10=""),"缺证据",IF(M10="","待接收",IF(E10="数值",IF(IF(F10=">=",H10>=G10,IF(F10="<=",H10<=G10,H10=G10)),IF(M10="通过","通过",IF(M10="退回","退回","待接收")),"未达标"),IF(E10="结论",IF(OR(H10="启用",H10="不启用"),IF(M10="通过","通过",IF(M10="退回","退回","待接收")),"未达标"),IF(H10=G10,IF(M10="通过","通过",IF(M10="退回","退回","待接收")),"未达标"))))))
A11: B-06 | B11: 46284.75 | C11: 学历字段准确率 | D11: 单独计算，不以总平均替代 | E11: 数值 | F11: >= | G11: 90 | H11: =IF('20样本评测'!D7="","",'20样本评测'!D7*100) | I11: % | K11: PR #5 | L11: C | N11: =IF(H11="","待填写",IF(OR(J11="",K11=""),"缺证据",IF(M11="","待接收",IF(E11="数值",IF(IF(F11=">=",H11>=G11,IF(F11="<=",H11<=G11,H11=G11)),IF(M11="通过","通过",IF(M11="退回","退回","待接收")),"未达标"),IF(E11="结论",IF(OR(H11="启用",H11="不启用"),IF(M11="通过","通过",IF(M11="退回","退回","待接收")),"未达标"),IF(H11=G11,IF(M11="通过","通过",IF(M11="退回","退回","待接收")),"未达标"))))))
A12: B-07 | B12: 46284.75 | C12: 专业字段准确率 | D12: 单独计算，不以总平均替代 | E12: 数值 | F12: >= | G12: 90 | H12: =IF('20样本评测'!D8="","",'20样本评测'!D8*100) | I12: % | K12: PR #5 | L12: C | N12: =IF(H12="","待填写",IF(OR(J12="",K12=""),"缺证据",IF(M12="","待接收",IF(E12="数值",IF(IF(F12=">=",H12>=G12,IF(F12="<=",H12<=G12,H12=G12)),IF(M12="通过","通过",IF(M12="退回","退回","待接收")),"未达标"),IF(E12="结论",IF(OR(H12="启用",H12="不启用"),IF(M12="通过","通过",IF(M12="退回","退回","待接收")),"未达标"),IF(H12=G12,IF(M12="通过","通过",IF(M12="退回","退回","待接收")),"未达标"))))))
A13: B-08 | B13: 46284.75 | C13: 城市字段准确率 | D13: 单独计算，不以总平均替代 | E13: 数值 | F13: >= | G13: 90 | H13: =IF('20样本评测'!D9="","",'20样本评测'!D9*100) | I13: % | K13: PR #5 | L13: C | N13: =IF(H13="","待填写",IF(OR(J13="",K13=""),"缺证据",IF(M13="","待接收",IF(E13="数值",IF(IF(F13=">=",H13>=G13,IF(F13="<=",H13<=G13,H13=G13)),IF(M13="通过","通过",IF(M13="退回","退回","待接收")),"未达标"),IF(E13="结论",IF(OR(H13="启用",H13="不启用"),IF(M13="通过","通过",IF(M13="退回","退回","待接收")),"未达标"),IF(H13=G13,IF(M13="通过","通过",IF(M13="退回","退回","待接收")),"未达标"))))))
A14: B-09 | B14: 46284.75 | C14: 岗位字段准确率 | D14: 单独计算，不以总平均替代 | E14: 数值 | F14: >= | G14: 90 | H14: =IF('20样本评测'!D10="","",'20样本评测'!D10*100) | I14: % | K14: PR #5 | L14: C | N14: =IF(H14="","待填写",IF(OR(J14="",K14=""),"缺证据",IF(M14="","待接收",IF(E14="数值",IF(IF(F14=">=",H14>=G14,IF(F14="<=",H14<=G14,H14=G14)),IF(M14="通过","通过",IF(M14="退回","退回","待接收")),"未达标"),IF(E14="结论",IF(OR(H14="启用",H14="不启用"),IF(M14="通过","通过",IF(M14="退回","退回","待接收")),"未达标"),IF(H14=G14,IF(M14="通过","通过",IF(M14="退回","退回","待接收")),"未达标"))))))
A15: B-10 | B15: 46284.75 | C15: 同一20样本对照 | D15: OCR和多模态使用相同20张海报 | E15: 是非 | F15: = | G15: 是 | H15: =IF(COUNTIF('20样本评测'!AB15:AB34,"通过")=20,"是","") | K15: PR #5 | L15: C | N15: =IF(H15="","待填写",IF(OR(J15="",K15=""),"缺证据",IF(M15="","待接收",IF(E15="数值",IF(IF(F15=">=",H15>=G15,IF(F15="<=",H15<=G15,H15=G15)),IF(M15="通过","通过",IF(M15="退回","退回","待接收")),"未达标"),IF(E15="结论",IF(OR(H15="启用",H15="不启用"),IF(M15="通过","通过",IF(M15="退回","退回","待接收")),"未达标"),IF(H15=G15,IF(M15="通过","通过",IF(M15="退回","退回","待接收")),"未达标"))))))
A16: B-11 | B16: 46284.75 | C16: 完整记录与耗时成本已报告 | D16: 两路线均报告完整记录准确率、平均/P95耗时和成本 | E16: 是非 | F16: = | G16: 是 | H16: 是 | J16: reports/extraction/evaluation_report.json + eval_meta.json（分子分母/耗时/成本可重算） | K16: PR #5 | L16: C | N16: =IF(H16="","待填写",IF(OR(J16="",K16=""),"缺证据",IF(M16="","待接收",IF(E16="数值",IF(IF(F16=">=",H16>=G16,IF(F16="<=",H16<=G16,H16=G16)),IF(M16="通过","通过",IF(M16="退回","退回","待接收")),"未达标"),IF(E16="结论",IF(OR(H16="启用",H16="不启用"),IF(M16="通过","通过",IF(M16="退回","退回","待接收")),"未达标"),IF(H16=G16,IF(M16="通过","通过",IF(M16="退回","退回","待接收")),"未达标"))))))
A17: B-12 | B17: 46284.75 | C17: 多模态启用结论符合门槛 | D17: 评测表必须产生达到5个百分点门槛或未达到不启用的可追溯结论 | E17: 结论 | F17: = | G17: 有效结论 | H17: =IF('20样本评测'!H12="达到5个百分点门槛","启用",IF('20样本评测'!H12="未达到 不启用","不启用","")) | K17: PR #5 | L17: C | N17: =IF(H17="","待填写",IF(OR(J17="",K17=""),"缺证据",IF(OR(H17="启用",H17="不启用"),IF(M17="通过","通过",IF(M17="退回","退回","待接收")),"未达标")))
A18: B-13 | B18: 46284.75 | C18: 低置信度进入复核队列 | D18: 缺失、冲突、低置信度不静默发布 | E18: 是非 | F18: = | G18: 是 | H18: 是 | J18: reports/extraction/evaluation_report.json（review_queue逐字段列样本） | K18: PR #5 | L18: C | N18: =IF(H18="","待填写",IF(OR(J18="",K18=""),"缺证据",IF(M18="","待接收",IF(E18="数值",IF(IF(F18=">=",H18>=G18,IF(F18="<=",H18<=G18,H18=G18)),IF(M18="通过","通过",IF(M18="退回","退回","待接收")),"未达标"),IF(E18="结论",IF(OR(H18="启用",H18="不启用"),IF(M18="通过","通过",IF(M18="退回","退回","待接收")),"未达标"),IF(H18=G18,IF(M18="通过","通过",IF(M18="退回","退回","待接收")),"未达标"))))))
A19: B-14 | B19: 46284.75 | C19: 敏感原图或密钥命中 | D19: 仓库扫描命中为0 | E19: 数值 | F19: = | G19: 0 | H19: 0 | I19: 项 | J19: PR #5 diff扫描：姓名/密钥/绝对路径0命中 | K19: PR #5 | L19: C | N19: =IF(H19="","待填写",IF(OR(J19="",K19=""),"缺证据",IF(M19="","待接收",IF(E19="数值",IF(IF(F19=">=",H19>=G19,IF(F19="<=",H19<=G19,H19=G19)),IF(M19="通过","通过",IF(M19="退回","退回","待接收")),"未达标"),IF(E19="结论",IF(OR(H19="启用",H19="不启用"),IF(M19="通过","通过",IF(M19="退回","退回","待接收")),"未达标"),IF(H19=G19,IF(M19="通过","通过",IF(M19="退回","退回","待接收")),"未达标"))))))
A20: B-15 | B20: 46284.75 | C20: 固定样本Evidence pack | D20: 5篇记录都有可检索字段证据、来源和复核状态 | E20: 数值 | F20: >= | G20: 5 | H20: 5 | I20: 篇 | J20: reports/extraction/eval_raw/（5篇固定样本pack校验；原文件受控目录） | K20: PR #5 | L20: C | N20: =IF(H20="","待填写",IF(OR(J20="",K20=""),"缺证据",IF(M20="","待接收",IF(E20="数值",IF(IF(F20=">=",H20>=G20,IF(F20="<=",H20<=G20,H20=G20)),IF(M20="通过","通过",IF(M20="退回","退回","待接收")),"未达标"),IF(E20="结论",IF(OR(H20="启用",H20="不启用"),IF(M20="通过","通过",IF(M20="退回","退回","待接收")),"未达标"),IF(H20=G20,IF(M20="通过","通过",IF(M20="退回","退回","待接收")),"未达标"))))))
A21: B-16 | B21: 46284.75 | C21: 外部多模态处理边界 | D21: 服务商、模型、发送数据、授权、保留策略、价格日期和脱敏检查均有记录 | E21: 是非 | F21: = | G21: 是 | H21: 是 | J21: reports/extraction/eval_meta.json（服务商/模型/素材/授权/保留/价格/脱敏7项齐备） | K21: PR #5 | L21: C | N21: =IF(H21="","待填写",IF(OR(J21="",K21=""),"缺证据",IF(M21="","待接收",IF(E21="数值",IF(IF(F21=">=",H21>=G21,IF(F21="<=",H21<=G21,H21=G21)),IF(M21="通过","通过",IF(M21="退回","退回","待接收")),"未达标"),IF(E21="结论",IF(OR(H21="启用",H21="不启用"),IF(M21="通过","通过",IF(M21="退回","退回","待接收")),"未达标"),IF(H21=G21,IF(M21="通过","通过",IF(M21="退回","退回","待接收")),"未达标"))))))
A22: B-17 | B22: 2026-09-20 18:00:00 | C22: 年级字段准确率（G-增补1 七字段门槛） | D22: 单独计算，不以总平均替代 | E22: 数值 | F22: >= | G22: 90 | H22: =IF(COUNT('20样本评测'!AE15:AE34)=0,"",SUM('20样本评测'!AE15:AE34)/COUNT('20样本评测'!AE15:AE34)) | I22: % | J22: reports/extraction/evaluation_report.json（fields_extra_adjudicated） | K22: PR #5 | L22: C
A23: B-18 | B23: 2026-09-20 18:00:00 | C23: 学院字段准确率（G-增补1 七字段门槛） | D23: 单独计算，不以总平均替代 | E23: 数值 | F23: >= | G23: 90 | H23: =IF(COUNT('20样本评测'!AF15:AF34)=0,"",SUM('20样本评测'!AF15:AF34)/COUNT('20样本评测'!AF15:AF34)) | I23: % | J23: reports/extraction/evaluation_report.json（fields_extra_adjudicated） | K23: PR #5 | L23: C

Sheet C验收
A2: 角色 C 验收
A3: 黄色单元格由C依据角色进度文件或PR清单回填。状态必须同时有实际值、证据、Commit/PR和接收确认；主文件由C单写。
A5: 项目ID | B5: 截止时间 | C5: 验收项 | D5: 目标或通过条件 | E5: 指标类型 | F5: 比较符 | G5: 目标值 | H5: 实际值 | I5: 单位 | J5: 证据路径或链接 | K5: Commit或PR | L5: 接收人 | M5: 接收确认 | N5: 状态 | O5: 备注或阻塞
A6: C-01 | B6: 46282.5 | C6: 共享契约冻结 | D6: 接口字典和两份Schema经A/B确认 | E6: 是非 | F6: = | G6: 是 | L6: A/B | N6: =IF(H6="","待填写",IF(OR(J6="",K6=""),"缺证据",IF(M6="","待接收",IF(E6="数值",IF(IF(F6=">=",H6>=G6,IF(F6="<=",H6<=G6,H6=G6)),IF(M6="通过","通过",IF(M6="退回","退回","待接收")),"未达标"),IF(E6="结论",IF(OR(H6="启用",H6="不启用"),IF(M6="通过","通过",IF(M6="退回","退回","待接收")),"未达标"),IF(H6=G6,IF(M6="通过","通过",IF(M6="退回","退回","待接收")),"未达标"))))))
A7: C-02 | B7: 46282.5 | C7: Schema示例通过数 | D7: article和extraction示例均通过 | E7: 数值 | F7: >= | G7: 2 | I7: 份 | L7: A/B | N7: =IF(H7="","待填写",IF(OR(J7="",K7=""),"缺证据",IF(M7="","待接收",IF(E7="数值",IF(IF(F7=">=",H7>=G7,IF(F7="<=",H7<=G7,H7=G7)),IF(M7="通过","通过",IF(M7="退回","退回","待接收")),"未达标"),IF(E7="结论",IF(OR(H7="启用",H7="不启用"),IF(M7="通过","通过",IF(M7="退回","退回","待接收")),"未达标"),IF(H7=G7,IF(M7="通过","通过",IF(M7="退回","退回","待接收")),"未达标"))))))
A8: C-03 | B8: 46282.917 | C8: 核心数据库表 | D8: articles、assets、experience_records、evidence、processing_events | E8: 数值 | F8: >= | G8: 5 | I8: 表 | L8: A/B | N8: =IF(H8="","待填写",IF(OR(J8="",K8=""),"缺证据",IF(M8="","待接收",IF(E8="数值",IF(IF(F8=">=",H8>=G8,IF(F8="<=",H8<=G8,H8=G8)),IF(M8="通过","通过",IF(M8="退回","退回","待接收")),"未达标"),IF(E8="结论",IF(OR(H8="启用",H8="不启用"),IF(M8="通过","通过",IF(M8="退回","退回","待接收")),"未达标"),IF(H8=G8,IF(M8="通过","通过",IF(M8="退回","退回","待接收")),"未达标"))))))
A9: C-04 | B9: 46283.917 | C9: 重复导入新增记录 | D9: 同一bundle导入两次不增行 | E9: 数值 | F9: = | G9: 0 | I9: 条 | L9: A/B | N9: =IF(H9="","待填写",IF(OR(J9="",K9=""),"缺证据",IF(M9="","待接收",IF(E9="数值",IF(IF(F9=">=",H9>=G9,IF(F9="<=",H9<=G9,H9=G9)),IF(M9="通过","通过",IF(M9="退回","退回","待接收")),"未达标"),IF(E9="结论",IF(OR(H9="启用",H9="不启用"),IF(M9="通过","通过",IF(M9="退回","退回","待接收")),"未达标"),IF(H9=G9,IF(M9="通过","通过",IF(M9="退回","退回","待接收")),"未达标"))))))
A10: C-05 | B10: 46284.75 | C10: 固定样本完整链路 | D10: 采集结果、抽取、入库、查询、详情与证据 | E10: 数值 | F10: >= | G10: 5 | I10: 篇 | L10: A/B | N10: =IF(H10="","待填写",IF(OR(J10="",K10=""),"缺证据",IF(M10="","待接收",IF(E10="数值",IF(IF(F10=">=",H10>=G10,IF(F10="<=",H10<=G10,H10=G10)),IF(M10="通过","通过",IF(M10="退回","退回","待接收")),"未达标"),IF(E10="结论",IF(OR(H10="启用",H10="不启用"),IF(M10="通过","通过",IF(M10="退回","退回","待接收")),"未达标"),IF(H10=G10,IF(M10="通过","通过",IF(M10="退回","退回","待接收")),"未达标"))))))
A11: C-06 | B11: 46283.917 | C11: 传统查询可用 | D11: 结构化过滤、关键词和无结果放宽提示 | E11: 是非 | F11: = | G11: 是 | L11: A/B | N11: =IF(H11="","待填写",IF(OR(J11="",K11=""),"缺证据",IF(M11="","待接收",IF(E11="数值",IF(IF(F11=">=",H11>=G11,IF(F11="<=",H11<=G11,H11=G11)),IF(M11="通过","通过",IF(M11="退回","退回","待接收")),"未达标"),IF(E11="结论",IF(OR(H11="启用",H11="不启用"),IF(M11="通过","通过",IF(M11="退回","退回","待接收")),"未达标"),IF(H11=G11,IF(M11="通过","通过",IF(M11="退回","退回","待接收")),"未达标"))))))
A12: C-07 | B12: 46284.75 | C12: 白名单QueryPlan | D12: 自然语言不生成SQL，未知字段被拒绝 | E12: 是非 | F12: = | G12: 是 | L12: A/B | N12: =IF(H12="","待填写",IF(OR(J12="",K12=""),"缺证据",IF(M12="","待接收",IF(E12="数值",IF(IF(F12=">=",H12>=G12,IF(F12="<=",H12<=G12,H12=G12)),IF(M12="通过","通过",IF(M12="退回","退回","待接收")),"未达标"),IF(E12="结论",IF(OR(H12="启用",H12="不启用"),IF(M12="通过","通过",IF(M12="退回","退回","待接收")),"未达标"),IF(H12=G12,IF(M12="通过","通过",IF(M12="退回","退回","待接收")),"未达标"))))))
A13: C-08 | B13: 46284.75 | C13: 模型关闭降级 | D13: 显示degraded提示，传统查询继续 | E13: 是非 | F13: = | G13: 是 | L13: A/B | N13: =IF(H13="","待填写",IF(OR(J13="",K13=""),"缺证据",IF(M13="","待接收",IF(E13="数值",IF(IF(F13=">=",H13>=G13,IF(F13="<=",H13<=G13,H13=G13)),IF(M13="通过","通过",IF(M13="退回","退回","待接收")),"未达标"),IF(E13="结论",IF(OR(H13="启用",H13="不启用"),IF(M13="通过","通过",IF(M13="退回","退回","待接收")),"未达标"),IF(H13=G13,IF(M13="通过","通过",IF(M13="退回","退回","待接收")),"未达标"))))))
A14: C-09 | B14: 46285.625 | C14: 记录来源可追溯率 | D14: 展示记录均可追溯文章或海报证据 | E14: 数值 | F14: >= | G14: 100 | I14: % | L14: A/B | N14: =IF(H14="","待填写",IF(OR(J14="",K14=""),"缺证据",IF(M14="","待接收",IF(E14="数值",IF(IF(F14=">=",H14>=G14,IF(F14="<=",H14<=G14,H14=G14)),IF(M14="通过","通过",IF(M14="退回","退回","待接收")),"未达标"),IF(E14="结论",IF(OR(H14="启用",H14="不启用"),IF(M14="通过","通过",IF(M14="退回","退回","待接收")),"未达标"),IF(H14=G14,IF(M14="通过","通过",IF(M14="退回","退回","待接收")),"未达标"))))))
A15: C-10 | B15: 46285.625 | C15: 性能查询次数 | D15: 使用100行脱敏夹具连续测试 | E15: 数值 | F15: >= | G15: 30 | I15: 次 | L15: A/B | N15: =IF(H15="","待填写",IF(OR(J15="",K15=""),"缺证据",IF(M15="","待接收",IF(E15="数值",IF(IF(F15=">=",H15>=G15,IF(F15="<=",H15<=G15,H15=G15)),IF(M15="通过","通过",IF(M15="退回","退回","待接收")),"未达标"),IF(E15="结论",IF(OR(H15="启用",H15="不启用"),IF(M15="通过","通过",IF(M15="退回","退回","待接收")),"未达标"),IF(H15=G15,IF(M15="通过","通过",IF(M15="退回","退回","待接收")),"未达标"))))))
A16: C-11 | B16: 46285.625 | C16: 最大查询耗时 | D16: 30次普通查询中的最大值 | E16: 数值 | F16: <= | G16: 1 | I16: 秒 | L16: A/B | N16: =IF(H16="","待填写",IF(OR(J16="",K16=""),"缺证据",IF(M16="","待接收",IF(E16="数值",IF(IF(F16=">=",H16>=G16,IF(F16="<=",H16<=G16,H16=G16)),IF(M16="通过","通过",IF(M16="退回","退回","待接收")),"未达标"),IF(E16="结论",IF(OR(H16="启用",H16="不启用"),IF(M16="通过","通过",IF(M16="退回","退回","待接收")),"未达标"),IF(H16=G16,IF(M16="通过","通过",IF(M16="退回","退回","待接收")),"未达标"))))))
A17: C-12 | B17: 46285.625 | C17: P95查询耗时 | D17: 30次普通查询的P95 | E17: 数值 | F17: <= | G17: 1 | I17: 秒 | L17: A/B | N17: =IF(H17="","待填写",IF(OR(J17="",K17=""),"缺证据",IF(M17="","待接收",IF(E17="数值",IF(IF(F17=">=",H17>=G17,IF(F17="<=",H17<=G17,H17=G17)),IF(M17="通过","通过",IF(M17="退回","退回","待接收")),"未达标"),IF(E17="结论",IF(OR(H17="启用",H17="不启用"),IF(M17="通过","通过",IF(M17="退回","退回","待接收")),"未达标"),IF(H17=G17,IF(M17="通过","通过",IF(M17="退回","退回","待接收")),"未达标"))))))
A18: C-13 | B18: 46285.625 | C18: 局域网另一设备访问 | D18: 首页、搜索和详情均成功 | E18: 是非 | F18: = | G18: 是 | L18: A/B | N18: =IF(H18="","待填写",IF(OR(J18="",K18=""),"缺证据",IF(M18="","待接收",IF(E18="数值",IF(IF(F18=">=",H18>=G18,IF(F18="<=",H18<=G18,H18=G18)),IF(M18="通过","通过",IF(M18="退回","退回","待接收")),"未达标"),IF(E18="结论",IF(OR(H18="启用",H18="不启用"),IF(M18="通过","通过",IF(M18="退回","退回","待接收")),"未达标"),IF(H18=G18,IF(M18="通过","通过",IF(M18="退回","退回","待接收")),"未达标"))))))
A19: C-14 | B19: 46285.625 | C19: 公开响应敏感字段命中 | D19: 姓名、头像、二维码、联系方式、会议入口、private_ref、Cookie、密钥、堆栈为0 | E19: 数值 | F19: = | G19: 0 | I19: 项 | L19: A/B | N19: =IF(H19="","待填写",IF(OR(J19="",K19=""),"缺证据",IF(M19="","待接收",IF(E19="数值",IF(IF(F19=">=",H19>=G19,IF(F19="<=",H19<=G19,H19=G19)),IF(M19="通过","通过",IF(M19="退回","退回","待接收")),"未达标"),IF(E19="结论",IF(OR(H19="启用",H19="不启用"),IF(M19="通过","通过",IF(M19="退回","退回","待接收")),"未达标"),IF(H19=G19,IF(M19="通过","通过",IF(M19="退回","退回","待接收")),"未达标"))))))
A20: C-15 | B20: 46285.917 | C20: 演示流程完成步骤 | D20: 总体手册10步全部录屏复现 | E20: 数值 | F20: >= | G20: 10 | I20: 步 | L20: A/B | N20: =IF(H20="","待填写",IF(OR(J20="",K20=""),"缺证据",IF(M20="","待接收",IF(E20="数值",IF(IF(F20=">=",H20>=G20,IF(F20="<=",H20<=G20,H20=G20)),IF(M20="通过","通过",IF(M20="退回","退回","待接收")),"未达标"),IF(E20="结论",IF(OR(H20="启用",H20="不启用"),IF(M20="通过","通过",IF(M20="退回","退回","待接收")),"未达标"),IF(H20=G20,IF(M20="通过","通过",IF(M20="退回","退回","待接收")),"未达标"))))))
A21: C-16 | B21: 46285.999 | C21: PR与队友检查 | D21: 所有合并有PR且main可运行 | E21: 是非 | F21: = | G21: 是 | L21: A/B | N21: =IF(H21="","待填写",IF(OR(J21="",K21=""),"缺证据",IF(M21="","待接收",IF(E21="数值",IF(IF(F21=">=",H21>=G21,IF(F21="<=",H21<=G21,H21=G21)),IF(M21="通过","通过",IF(M21="退回","退回","待接收")),"未达标"),IF(E21="结论",IF(OR(H21="启用",H21="不启用"),IF(M21="通过","通过",IF(M21="退回","退回","待接收")),"未达标"),IF(H21=G21,IF(M21="通过","通过",IF(M21="退回","退回","待接收")),"未达标"))))))
A22: C-17 | B22: 46285.999 | C22: React/Vite前端迁移 | D22: React+TypeScript+Vite消费Flask API，首页与传统检索可运行 | E22: 是非 | F22: = | G22: 是 | L22: A/B | N22: =IF(H22="","待填写",IF(OR(J22="",K22=""),"缺证据",IF(M22="","待接收",IF(E22="数值",IF(IF(F22=">=",H22>=G22,IF(F22="<=",H22<=G22,H22=G22)),IF(M22="通过","通过",IF(M22="退回","退回","待接收")),"未达标"),IF(E22="结论",IF(OR(H22="启用",H22="不启用"),IF(M22="通过","通过",IF(M22="退回","退回","待接收")),"未达标"),IF(H22=G22,IF(M22="通过","通过",IF(M22="退回","退回","待接收")),"未达标"))))))
A23: C-18 | B23: 46285.999 | C23: 健康检查与云端部署清单 | D23: LAN GET /healthz返回2xx；服务器、域名、反向代理、证书和续期清单齐全 | E23: 是非 | F23: = | G23: 是 | L23: A/B | N23: =IF(H23="","待填写",IF(OR(J23="",K23=""),"缺证据",IF(M23="","待接收",IF(E23="数值",IF(IF(F23=">=",H23>=G23,IF(F23="<=",H23<=G23,H23=G23)),IF(M23="通过","通过",IF(M23="退回","退回","待接收")),"未达标"),IF(E23="结论",IF(OR(H23="启用",H23="不启用"),IF(M23="通过","通过",IF(M23="退回","退回","待接收")),"未达标"),IF(H23=G23,IF(M23="通过","通过",IF(M23="退回","退回","待接收")),"未达标"))))))
A24: C-19 | B24: 46285.625 | C24: 三角色服务端权限 | D24: CAS目标明确；开发角色开关受环境变量保护，guest、student/teacher、admin与越权拒绝通过 | E24: 是非 | F24: = | G24: 是 | L24: A/B | N24: =IF(H24="","待填写",IF(OR(J24="",K24=""),"缺证据",IF(M24="","待接收",IF(E24="数值",IF(IF(F24=">=",H24>=G24,IF(F24="<=",H24<=G24,H24=G24)),IF(M24="通过","通过",IF(M24="退回","退回","待接收")),"未达标"),IF(E24="结论",IF(OR(H24="启用",H24="不启用"),IF(M24="通过","通过",IF(M24="退回","退回","待接收")),"未达标"),IF(H24=G24,IF(M24="通过","通过",IF(M24="退回","退回","待接收")),"未达标"))))))
A25: C-20 | B25: 46285.625 | C25: 带引用回答三路径 | D25: 模型开启、关闭、证据缺失均按契约响应；未启用Embedding | E25: 是非 | F25: = | G25: 是 | L25: A/B | N25: =IF(H25="","待填写",IF(OR(J25="",K25=""),"缺证据",IF(M25="","待接收",IF(E25="数值",IF(IF(F25=">=",H25>=G25,IF(F25="<=",H25<=G25,H25=G25)),IF(M25="通过","通过",IF(M25="退回","退回","待接收")),"未达标"),IF(E25="结论",IF(OR(H25="启用",H25="不启用"),IF(M25="通过","通过",IF(M25="退回","退回","待接收")),"未达标"),IF(H25=G25,IF(M25="通过","通过",IF(M25="退回","退回","待接收")),"未达标"))))))
A26: C-21 | B26: 46285.625 | C26: 390×844移动视口 | D26: 首页、筛选、详情、证据和角色切换无横向溢出 | E26: 是非 | F26: = | G26: 是 | L26: A/B | N26: =IF(H26="","待填写",IF(OR(J26="",K26=""),"缺证据",IF(M26="","待接收",IF(E26="数值",IF(IF(F26=">=",H26>=G26,IF(F26="<=",H26<=G26,H26=G26)),IF(M26="通过","通过",IF(M26="退回","退回","待接收")),"未达标"),IF(E26="结论",IF(OR(H26="启用",H26="不启用"),IF(M26="通过","通过",IF(M26="退回","退回","待接收")),"未达标"),IF(H26=G26,IF(M26="通过","通过",IF(M26="退回","退回","待接收")),"未达标"))))))
A27: C-22 | B27: 46285.625 | C27: 768×1024平板视口 | D27: 首页、筛选、详情、证据和角色切换可操作 | E27: 是非 | F27: = | G27: 是 | L27: A/B | N27: =IF(H27="","待填写",IF(OR(J27="",K27=""),"缺证据",IF(M27="","待接收",IF(E27="数值",IF(IF(F27=">=",H27>=G27,IF(F27="<=",H27<=G27,H27=G27)),IF(M27="通过","通过",IF(M27="退回","退回","待接收")),"未达标"),IF(E27="结论",IF(OR(H27="启用",H27="不启用"),IF(M27="通过","通过",IF(M27="退回","退回","待接收")),"未达标"),IF(H27=G27,IF(M27="通过","通过",IF(M27="退回","退回","待接收")),"未达标"))))))

Sheet 协作交接
A2: 协作交接
A3: 生产者与接收者在角色进度文件登记；C在4小时窗口内统一回填黄色单元格。
A5: 交接ID | B5: 生产者 | C5: 输出 | D5: 最晚时间 | E5: 版本或Commit | F5: 接收者 | G5: 接收方式 | H5: 接收验收 | I5: 接收时间 | J5: 结果 | K5: 问题与处理 | L5: 证据链接
A6: H-01 | B6: C | C6: 接口字典和两份Schema | D6: 46282.5 | F6: A/B | G6: git pull main后本地校验示例 | H6: 非法字段失败，合法示例通过
A7: H-02 | B7: A | C7: 5篇article bundle | D7: 46282.75 | F7: B/C | G7: 按commit拉取；原图走受控渠道 | H7: 5/5 Schema通过，SHA-256相符；22:00前完成接收
A8: H-03 | B8: A | C8: 100篇状态台账 | D8: 46283.917 | F8: C | G8: 导入articles和processing_events | H8: 无重复notice_id，失败均有原因
A9: H-04 | B9: B | C9: 5篇extraction bundle | D9: 46284.5 | F9: C | G9: 按commit导入 | H9: 一帖多人、null、证据和状态正确
A10: H-05 | B10: B | C10: 20样本评测 | D10: 46284.75 | F10: C | G10: 读取原始结果和汇总 | H10: 分子分母可重算，启用结论符合门槛
A11: H-06 | B11: C | C11: React/LAN与部署清单演示包 | D11: 46285.625 | F11: A/B | G11: 走LAN关键流程并审查云端HTTPS清单 | H11: React前端、健康、权限、证据、移动端、降级和恢复均通过

Sheet 20样本评测
A2: 20张海报评测
A3: 先冻结人工金标准，再在同一20张样本上填写OCR和多模态结果。SHA-256须为64位十六进制；学历使用下拉枚举；正确填1，错误填0。C将本表结论回链到B验收。
A5: 指标 | B5: OCR正确数 | C5: OCR分母 | D5: OCR准确率 | E5: 多模态正确数 | F5: 多模态分母 | G5: 多模态准确率 | H5: 结论
A6: 届别 | B6: =IF(COUNT(H15:H34)=0,"",SUM(H15:H34)) | C6: =IF(COUNT(H15:H34)=0,"",COUNT(H15:H34)) | D6: =IF(C6=0,"",B6/C6) | E6: =IF(COUNT(O15:O34)=0,"",SUM(O15:O34)) | F6: =IF(COUNT(O15:O34)=0,"",COUNT(O15:O34)) | G6: =IF(F6=0,"",E6/F6) | H6: =IF(COUNTIF($AA$15:$AA$34,"通过")<20,"金标准未完成",IF(COUNTIF($AB$15:$AB$34,"通过")<20,"同批校验未通过",IF(OR(C6="",F6=""),"待填写",IF(OR(C6<20,F6<20),"样本不足",IF(AND(D6>=0.9,G6>=0.9),"完成","检查弱项")))))
A7: 学历 | B7: =IF(COUNT(I15:I34)=0,"",SUM(I15:I34)) | C7: =IF(COUNT(I15:I34)=0,"",COUNT(I15:I34)) | D7: =IF(C7=0,"",B7/C7) | E7: =IF(COUNT(P15:P34)=0,"",SUM(P15:P34)) | F7: =IF(COUNT(P15:P34)=0,"",COUNT(P15:P34)) | G7: =IF(F7=0,"",E7/F7) | H7: =IF(COUNTIF($AA$15:$AA$34,"通过")<20,"金标准未完成",IF(COUNTIF($AB$15:$AB$34,"通过")<20,"同批校验未通过",IF(OR(C7="",F7=""),"待填写",IF(OR(C7<20,F7<20),"样本不足",IF(AND(D7>=0.9,G7>=0.9),"完成","检查弱项")))))
A8: 专业 | B8: =IF(COUNT(J15:J34)=0,"",SUM(J15:J34)) | C8: =IF(COUNT(J15:J34)=0,"",COUNT(J15:J34)) | D8: =IF(C8=0,"",B8/C8) | E8: =IF(COUNT(Q15:Q34)=0,"",SUM(Q15:Q34)) | F8: =IF(COUNT(Q15:Q34)=0,"",COUNT(Q15:Q34)) | G8: =IF(F8=0,"",E8/F8) | H8: =IF(COUNTIF($AA$15:$AA$34,"通过")<20,"金标准未完成",IF(COUNTIF($AB$15:$AB$34,"通过")<20,"同批校验未通过",IF(OR(C8="",F8=""),"待填写",IF(OR(C8<20,F8<20),"样本不足",IF(AND(D8>=0.9,G8>=0.9),"完成","检查弱项")))))
A9: 城市 | B9: =IF(COUNT(K15:K34)=0,"",SUM(K15:K34)) | C9: =IF(COUNT(K15:K34)=0,"",COUNT(K15:K34)) | D9: =IF(C9=0,"",B9/C9) | E9: =IF(COUNT(R15:R34)=0,"",SUM(R15:R34)) | F9: =IF(COUNT(R15:R34)=0,"",COUNT(R15:R34)) | G9: =IF(F9=0,"",E9/F9) | H9: =IF(COUNTIF($AA$15:$AA$34,"通过")<20,"金标准未完成",IF(COUNTIF($AB$15:$AB$34,"通过")<20,"同批校验未通过",IF(OR(C9="",F9=""),"待填写",IF(OR(C9<20,F9<20),"样本不足",IF(AND(D9>=0.9,G9>=0.9),"完成","检查弱项")))))
A10: 岗位 | B10: =IF(COUNT(L15:L34)=0,"",SUM(L15:L34)) | C10: =IF(COUNT(L15:L34)=0,"",COUNT(L15:L34)) | D10: =IF(C10=0,"",B10/C10) | E10: =IF(COUNT(S15:S34)=0,"",SUM(S15:S34)) | F10: =IF(COUNT(S15:S34)=0,"",COUNT(S15:S34)) | G10: =IF(F10=0,"",E10/F10) | H10: =IF(COUNTIF($AA$15:$AA$34,"通过")<20,"金标准未完成",IF(COUNTIF($AB$15:$AB$34,"通过")<20,"同批校验未通过",IF(OR(C10="",F10=""),"待填写",IF(OR(C10<20,F10<20),"样本不足",IF(AND(D10>=0.9,G10>=0.9),"完成","检查弱项")))))
A11: 完整记录 | B11: =IF(COUNT(M15:M34)=0,"",SUM(M15:M34)) | C11: =IF(COUNT(M15:M34)=0,"",COUNT(M15:M34)) | D11: =IF(C11=0,"",B11/C11) | E11: =IF(COUNT(T15:T34)=0,"",SUM(T15:T34)) | F11: =IF(COUNT(T15:T34)=0,"",COUNT(T15:T34)) | G11: =IF(F11=0,"",E11/F11) | H11: =IF(COUNTIF($AA$15:$AA$34,"通过")<20,"金标准未完成",IF(COUNTIF($AB$15:$AB$34,"通过")<20,"同批校验未通过",IF(OR(C11="",F11=""),"待填写",IF(OR(C11<20,F11<20),"样本不足",IF(AND(D11>=0,G11>=0),"完成","检查弱项")))))
A12: 多模态完整记录提升 | D12: =IF(OR(D11="",G11=""),"",G11-D11) | H12: =IF(OR(D11="",G11=""),"待填写",IF(G11-D11>=0.05,"达到5个百分点门槛","未达到 不启用"))
A14: 样本ID | B14: 图像SHA-256 | C14: 金标准届别 | D14: 金标准学历 | E14: 金标准专业 | F14: 金标准城市 | G14: 金标准岗位 | H14: OCR届别 | I14: OCR学历 | J14: OCR专业 | K14: OCR城市 | L14: OCR岗位 | M14: OCR完整 | N14: OCR秒 | O14: 多模态届别 | P14: 多模态学历 | Q14: 多模态专业 | R14: 多模态城市 | S14: 多模态岗位 | T14: 多模态完整 | U14: 多模态秒 | V14: 单张成本 | W14: 备注 | X14: 标注人 | Y14: OCR样本ID | Z14: 多模态样本ID | AA14: 金标准校验 | AB14: 同批校验 | AC14: 金标准年级 | AD14: 金标准学院 | AE14: OCR年级 | AF14: OCR学院 | AG14: 多模态年级 | AH14: 多模态学院
A15: P01 | B15: c33d4c220c92eb093ccc72a1a5c6db7a024d5c51b12123e0c708c27a1551a0f9 | C15: 2024届 | D15: 硕士 | E15: 应用统计 | F15: 滨州 | G15: 阳信县发改局 | H15: 1 | I15: 1 | J15: 0 | K15: 1 | L15: 1 | M15: 0 | N15: 66.68 | O15: 1 | P15: 1 | Q15: 0 | R15: 1 | S15: 1 | T15: 0 | U15: 8.18 | V15: 0 | W15: 一帖多人，本行取第1人，逐人判定见评测报告 | X15: annotator-B | Y15: P01 | Z15: P01 | AA15: =IF(COUNTA(B15:G15,X15)=0,"待填写",IF(OR(B15="",C15="",D15="",E15="",F15="",G15="",X15=""),"缺金标准",IF(NOT(AND(LEN(B15)=64,NOT(ISERROR(DECIMAL(MID(B15,1,8),16))),NOT(ISERROR(DECIMAL(MID(B15,9,8),16))),NOT(ISERROR(DECIMAL(MID(B15,17,8),16))),NOT(ISERROR(DECIMAL(MID(B15,25,8),16))),NOT(ISERROR(DECIMAL(MID(B15,33,8),16))),NOT(ISERROR(DECIMAL(MID(B15,41,8),16))),NOT(ISERROR(DECIMAL(MID(B15,49,8),16))),NOT(ISERROR(DECIMAL(MID(B15,57,8),16))))),"SHA-256格式错误",IF(RIGHT(C15,1)<>"届","届别格式错误",IF(NOT(OR(D15="本科",D15="硕士",D15="硕士研究生",D15="博士",D15="博士研究生",D15="其他")),"学历枚举错误","通过"))))) | AB15: =IF(AA15<>"通过","待填写",IF(OR(Y15="",Z15=""),"缺路线ID",IF(AND(Y15=A15,Z15=A15),"通过","样本ID不一致"))) | AC15: 2022 | AD15: 理学院 | AE15: 1 | AF15: 1 | AG15: 0 | AH15: 1
A16: P02 | B16: e24e643770f2a297edd3c6e045d25389f7db7bbceeaa663324834136e47b2e6b | C16: 2024届 | D16: 本科 | E16: 信息与计算科学 | F16: null | G16: 青海省人力资源和社会保障厅 | H16: 1 | I16: 1 | J16: 1 | L16: 0 | N16: 64.89 | O16: 1 | P16: 1 | Q16: 1 | S16: 1 | U16: 8.47 | V16: 0 | W16: 一帖多人，本行取第1人，逐人判定见评测报告 | X16: annotator-B | Y16: P02 | Z16: P02 | AA16: =IF(COUNTA(B16:G16,X16)=0,"待填写",IF(OR(B16="",C16="",D16="",E16="",F16="",G16="",X16=""),"缺金标准",IF(NOT(AND(LEN(B16)=64,NOT(ISERROR(DECIMAL(MID(B16,1,8),16))),NOT(ISERROR(DECIMAL(MID(B16,9,8),16))),NOT(ISERROR(DECIMAL(MID(B16,17,8),16))),NOT(ISERROR(DECIMAL(MID(B16,25,8),16))),NOT(ISERROR(DECIMAL(MID(B16,33,8),16))),NOT(ISERROR(DECIMAL(MID(B16,41,8),16))),NOT(ISERROR(DECIMAL(MID(B16,49,8),16))),NOT(ISERROR(DECIMAL(MID(B16,57,8),16))))),"SHA-256格式错误",IF(RIGHT(C16,1)<>"届","届别格式错误",IF(NOT(OR(D16="本科",D16="硕士",D16="硕士研究生",D16="博士",D16="博士研究生",D16="其他")),"学历枚举错误","通过"))))) | AB16: =IF(AA16<>"通过","待填写",IF(OR(Y16="",Z16=""),"缺路线ID",IF(AND(Y16=A16,Z16=A16),"通过","样本ID不一致"))) | AC16: 2020 | AD16: 理学院 | AE16: 1 | AF16: 0 | AG16: 0 | AH16: 1
A17: P03 | B17: cd9554f43f9653f691a580b5b95820a207d221539542992f0247e65085e46da5 | C17: 2024届 | D17: 本科 | E17: 国际经济与贸易 | F17: 昆明 | G17: 昆明市委组织部 | H17: 1 | I17: 1 | J17: 1 | K17: 1 | L17: 1 | M17: 1 | N17: 63.36 | O17: 1 | P17: 1 | Q17: 1 | R17: 1 | S17: 1 | T17: 1 | U17: 9.73 | V17: 0 | W17: 一帖多人，本行取第1人，逐人判定见评测报告 | X17: annotator-B | Y17: P03 | Z17: P03 | AA17: =IF(COUNTA(B17:G17,X17)=0,"待填写",IF(OR(B17="",C17="",D17="",E17="",F17="",G17="",X17=""),"缺金标准",IF(NOT(AND(LEN(B17)=64,NOT(ISERROR(DECIMAL(MID(B17,1,8),16))),NOT(ISERROR(DECIMAL(MID(B17,9,8),16))),NOT(ISERROR(DECIMAL(MID(B17,17,8),16))),NOT(ISERROR(DECIMAL(MID(B17,25,8),16))),NOT(ISERROR(DECIMAL(MID(B17,33,8),16))),NOT(ISERROR(DECIMAL(MID(B17,41,8),16))),NOT(ISERROR(DECIMAL(MID(B17,49,8),16))),NOT(ISERROR(DECIMAL(MID(B17,57,8),16))))),"SHA-256格式错误",IF(RIGHT(C17,1)<>"届","届别格式错误",IF(NOT(OR(D17="本科",D17="硕士",D17="硕士研究生",D17="博士",D17="博士研究生",D17="其他")),"学历枚举错误","通过"))))) | AB17: =IF(AA17<>"通过","待填写",IF(OR(Y17="",Z17=""),"缺路线ID",IF(AND(Y17=A17,Z17=A17),"通过","样本ID不一致"))) | AC17: 2020 | AD17: 经济学院 | AE17: 1 | AF17: 0 | AG17: 0 | AH17: 1
A18: P04 | B18: 677ce946aa3b2a3ab408f468814eec39ae0695c83407e055fd30c0f414903a22 | C18: 2024届 | D18: 本科 | E18: 中国与周边国家关系史实验班 | F18: 来宾 | G18: 合山市委组织部 | H18: 1 | I18: 1 | J18: 0 | K18: 0 | L18: 1 | M18: 0 | N18: 471.68 | O18: 1 | P18: 1 | Q18: 0 | R18: 0 | S18: 1 | T18: 0 | U18: 8.49 | V18: 0 | W18: 一帖多人，本行取第1人，逐人判定见评测报告 | X18: annotator-B | Y18: P04 | Z18: P04 | AA18: =IF(COUNTA(B18:G18,X18)=0,"待填写",IF(OR(B18="",C18="",D18="",E18="",F18="",G18="",X18=""),"缺金标准",IF(NOT(AND(LEN(B18)=64,NOT(ISERROR(DECIMAL(MID(B18,1,8),16))),NOT(ISERROR(DECIMAL(MID(B18,9,8),16))),NOT(ISERROR(DECIMAL(MID(B18,17,8),16))),NOT(ISERROR(DECIMAL(MID(B18,25,8),16))),NOT(ISERROR(DECIMAL(MID(B18,33,8),16))),NOT(ISERROR(DECIMAL(MID(B18,41,8),16))),NOT(ISERROR(DECIMAL(MID(B18,49,8),16))),NOT(ISERROR(DECIMAL(MID(B18,57,8),16))))),"SHA-256格式错误",IF(RIGHT(C18,1)<>"届","届别格式错误",IF(NOT(OR(D18="本科",D18="硕士",D18="硕士研究生",D18="博士",D18="博士研究生",D18="其他")),"学历枚举错误","通过"))))) | AB18: =IF(AA18<>"通过","待填写",IF(OR(Y18="",Z18=""),"缺路线ID",IF(AND(Y18=A18,Z18=A18),"通过","样本ID不一致"))) | AC18: 2020 | AD18: 历史文化学院 | AE18: 1 | AF18: 0 | AG18: 1 | AH18: 1
A19: P05 | B19: 8743ed07a24277173501bf5774261eab9e535f5925b02898ba4de04bc68161cb | C19: 2024届 | D19: 硕士研究生 | E19: 学科教学（英语） | F19: 天津 | G19: 河北区王串场街道公务员 | H19: 1 | I19: 1 | J19: 0 | K19: 1 | L19: 1 | M19: 0 | N19: 84.91 | O19: 1 | P19: 1 | Q19: 0 | R19: 1 | S19: 1 | T19: 0 | U19: 11.67 | V19: 0 | W19: 一帖多人，本行取第1人，逐人判定见评测报告 | X19: annotator-B | Y19: P05 | Z19: P05 | AA19: =IF(COUNTA(B19:G19,X19)=0,"待填写",IF(OR(B19="",C19="",D19="",E19="",F19="",G19="",X19=""),"缺金标准",IF(NOT(AND(LEN(B19)=64,NOT(ISERROR(DECIMAL(MID(B19,1,8),16))),NOT(ISERROR(DECIMAL(MID(B19,9,8),16))),NOT(ISERROR(DECIMAL(MID(B19,17,8),16))),NOT(ISERROR(DECIMAL(MID(B19,25,8),16))),NOT(ISERROR(DECIMAL(MID(B19,33,8),16))),NOT(ISERROR(DECIMAL(MID(B19,41,8),16))),NOT(ISERROR(DECIMAL(MID(B19,49,8),16))),NOT(ISERROR(DECIMAL(MID(B19,57,8),16))))),"SHA-256格式错误",IF(RIGHT(C19,1)<>"届","届别格式错误",IF(NOT(OR(D19="本科",D19="硕士",D19="硕士研究生",D19="博士",D19="博士研究生",D19="其他")),"学历枚举错误","通过"))))) | AB19: =IF(AA19<>"通过","待填写",IF(OR(Y19="",Z19=""),"缺路线ID",IF(AND(Y19=A19,Z19=A19),"通过","样本ID不一致"))) | AC19: 2022 | AD19: 外国语学院 | AE19: 1 | AF19: 1 | AG19: 0 | AH19: 1
A20: P06 | B20: dc1fcb653276ab47fc8a280196607085d1500ca6fa3951b0ec2d2fac43ce34ac | C20: 2024届 | D20: 硕士研究生 | E20: 法律（法学） | F20: 郑州 | G20: 郑州市司法局 | H20: 1 | I20: 1 | J20: 1 | K20: 1 | L20: 1 | M20: 1 | N20: 85.65 | O20: 1 | P20: 1 | Q20: 1 | R20: 1 | S20: 1 | T20: 1 | U20: 9.62 | V20: 0 | W20: 一帖多人，本行取第1人，逐人判定见评测报告 | X20: annotator-B | Y20: P06 | Z20: P06 | AA20: =IF(COUNTA(B20:G20,X20)=0,"待填写",IF(OR(B20="",C20="",D20="",E20="",F20="",G20="",X20=""),"缺金标准",IF(NOT(AND(LEN(B20)=64,NOT(ISERROR(DECIMAL(MID(B20,1,8),16))),NOT(ISERROR(DECIMAL(MID(B20,9,8),16))),NOT(ISERROR(DECIMAL(MID(B20,17,8),16))),NOT(ISERROR(DECIMAL(MID(B20,25,8),16))),NOT(ISERROR(DECIMAL(MID(B20,33,8),16))),NOT(ISERROR(DECIMAL(MID(B20,41,8),16))),NOT(ISERROR(DECIMAL(MID(B20,49,8),16))),NOT(ISERROR(DECIMAL(MID(B20,57,8),16))))),"SHA-256格式错误",IF(RIGHT(C20,1)<>"届","届别格式错误",IF(NOT(OR(D20="本科",D20="硕士",D20="硕士研究生",D20="博士",D20="博士研究生",D20="其他")),"学历枚举错误","通过"))))) | AB20: =IF(AA20<>"通过","待填写",IF(OR(Y20="",Z20=""),"缺路线ID",IF(AND(Y20=A20,Z20=A20),"通过","样本ID不一致"))) | AC20: 2022 | AD20: 法学院 | AE20: 1 | AF20: 1 | AG20: 0 | AH20: 1
A21: P07 | B21: 1e74b1df36d2626c5664a478f9b0d59dcea8530be6b91d6983cd0104611ce1fb | C21: 2024届 | D21: 本科 | E21: 文物与博物馆学 | F21: 石嘴山 | G21: 惠农区红果子镇人民政府 | H21: 1 | I21: 1 | J21: 1 | K21: 1 | L21: 1 | M21: 1 | N21: 62.23 | O21: 1 | P21: 1 | Q21: 1 | R21: 1 | S21: 1 | T21: 1 | U21: 7.57 | V21: 0 | W21: 一帖多人，本行取第1人，逐人判定见评测报告 | X21: annotator-B | Y21: P07 | Z21: P07 | AA21: =IF(COUNTA(B21:G21,X21)=0,"待填写",IF(OR(B21="",C21="",D21="",E21="",F21="",G21="",X21=""),"缺金标准",IF(NOT(AND(LEN(B21)=64,NOT(ISERROR(DECIMAL(MID(B21,1,8),16))),NOT(ISERROR(DECIMAL(MID(B21,9,8),16))),NOT(ISERROR(DECIMAL(MID(B21,17,8),16))),NOT(ISERROR(DECIMAL(MID(B21,25,8),16))),NOT(ISERROR(DECIMAL(MID(B21,33,8),16))),NOT(ISERROR(DECIMAL(MID(B21,41,8),16))),NOT(ISERROR(DECIMAL(MID(B21,49,8),16))),NOT(ISERROR(DECIMAL(MID(B21,57,8),16))))),"SHA-256格式错误",IF(RIGHT(C21,1)<>"届","届别格式错误",IF(NOT(OR(D21="本科",D21="硕士",D21="硕士研究生",D21="博士",D21="博士研究生",D21="其他")),"学历枚举错误","通过"))))) | AB21: =IF(AA21<>"通过","待填写",IF(OR(Y21="",Z21=""),"缺路线ID",IF(AND(Y21=A21,Z21=A21),"通过","样本ID不一致"))) | AC21: 2020 | AD21: 民族学与社会学学院 | AE21: 1 | AF21: 1 | AG21: 0 | AH21: 1
A22: P08 | B22: 192b05da923c43ad71276424ed48e778228a8d87f78a7ec29801b738c10526e8 | C22: 2024届 | D22: 硕士研究生 | E22: 文物与博物馆学 | F22: 株洲 | G22: 炎陵县鹿原镇三口村党总支书记助理 | H22: 1 | I22: 1 | J22: 1 | K22: 1 | L22: 0 | M22: 0 | N22: 86.57 | O22: 1 | P22: 1 | Q22: 1 | R22: 1 | S22: 0 | T22: 0 | U22: 11.35 | V22: 0 | W22: 一帖多人，本行取第1人，逐人判定见评测报告 | X22: annotator-B | Y22: P08 | Z22: P08 | AA22: =IF(COUNTA(B22:G22,X22)=0,"待填写",IF(OR(B22="",C22="",D22="",E22="",F22="",G22="",X22=""),"缺金标准",IF(NOT(AND(LEN(B22)=64,NOT(ISERROR(DECIMAL(MID(B22,1,8),16))),NOT(ISERROR(DECIMAL(MID(B22,9,8),16))),NOT(ISERROR(DECIMAL(MID(B22,17,8),16))),NOT(ISERROR(DECIMAL(MID(B22,25,8),16))),NOT(ISERROR(DECIMAL(MID(B22,33,8),16))),NOT(ISERROR(DECIMAL(MID(B22,41,8),16))),NOT(ISERROR(DECIMAL(MID(B22,49,8),16))),NOT(ISERROR(DECIMAL(MID(B22,57,8),16))))),"SHA-256格式错误",IF(RIGHT(C22,1)<>"届","届别格式错误",IF(NOT(OR(D22="本科",D22="硕士",D22="硕士研究生",D22="博士",D22="博士研究生",D22="其他")),"学历枚举错误","通过"))))) | AB22: =IF(AA22<>"通过","待填写",IF(OR(Y22="",Z22=""),"缺路线ID",IF(AND(Y22=A22,Z22=A22),"通过","样本ID不一致"))) | AC22: 2021 | AD22: 民族学与社会学学院 | AE22: 1 | AF22: 0 | AG22: 1 | AH22: 1
A23: P09 | B23: ef1e062fa12da9d4d22e861dc38bc398da595bd42bb330ce65927378e378cc85 | C23: 2024届 | D23: 本科 | E23: 汉语言文学 | F23: 晋江 | G23: 英林镇三欧村村主任助理 | H23: 1 | I23: 1 | J23: 1 | K23: 1 | L23: 0 | M23: 0 | N23: 88.53 | O23: 1 | P23: 1 | Q23: 1 | R23: 1 | S23: 0 | T23: 0 | U23: 11.58 | V23: 0 | W23: 一帖多人，本行取第1人，逐人判定见评测报告 | X23: annotator-B | Y23: P09 | Z23: P09 | AA23: =IF(COUNTA(B23:G23,X23)=0,"待填写",IF(OR(B23="",C23="",D23="",E23="",F23="",G23="",X23=""),"缺金标准",IF(NOT(AND(LEN(B23)=64,NOT(ISERROR(DECIMAL(MID(B23,1,8),16))),NOT(ISERROR(DECIMAL(MID(B23,9,8),16))),NOT(ISERROR(DECIMAL(MID(B23,17,8),16))),NOT(ISERROR(DECIMAL(MID(B23,25,8),16))),NOT(ISERROR(DECIMAL(MID(B23,33,8),16))),NOT(ISERROR(DECIMAL(MID(B23,41,8),16))),NOT(ISERROR(DECIMAL(MID(B23,49,8),16))),NOT(ISERROR(DECIMAL(MID(B23,57,8),16))))),"SHA-256格式错误",IF(RIGHT(C23,1)<>"届","届别格式错误",IF(NOT(OR(D23="本科",D23="硕士",D23="硕士研究生",D23="博士",D23="博士研究生",D23="其他")),"学历枚举错误","通过"))))) | AB23: =IF(AA23<>"通过","待填写",IF(OR(Y23="",Z23=""),"缺路线ID",IF(AND(Y23=A23,Z23=A23),"通过","样本ID不一致"))) | AC23: 2020 | AD23: 文学院 | AE23: 1 | AF23: 0 | AG23: 0 | AH23: 1
A24: P10 | B24: e48401634cdcfac6c2f92e4033253eb6cb711c5824fd8d3dff35e6c2cbbfa79f | C24: 2024届 | D24: 本科 | E24: 汉语言文学 | F24: 深圳 | G24: 宝安区新桥街道办 | H24: 1 | I24: 1 | J24: 1 | K24: 1 | L24: 1 | M24: 1 | N24: 83.81 | O24: 1 | P24: 1 | Q24: 0 | R24: 1 | S24: 1 | T24: 0 | U24: 9.21 | V24: 0 | W24: 一帖多人，本行取第1人，逐人判定见评测报告 | X24: annotator-B | Y24: P10 | Z24: P10 | AA24: =IF(COUNTA(B24:G24,X24)=0,"待填写",IF(OR(B24="",C24="",D24="",E24="",F24="",G24="",X24=""),"缺金标准",IF(NOT(AND(LEN(B24)=64,NOT(ISERROR(DECIMAL(MID(B24,1,8),16))),NOT(ISERROR(DECIMAL(MID(B24,9,8),16))),NOT(ISERROR(DECIMAL(MID(B24,17,8),16))),NOT(ISERROR(DECIMAL(MID(B24,25,8),16))),NOT(ISERROR(DECIMAL(MID(B24,33,8),16))),NOT(ISERROR(DECIMAL(MID(B24,41,8),16))),NOT(ISERROR(DECIMAL(MID(B24,49,8),16))),NOT(ISERROR(DECIMAL(MID(B24,57,8),16))))),"SHA-256格式错误",IF(RIGHT(C24,1)<>"届","届别格式错误",IF(NOT(OR(D24="本科",D24="硕士",D24="硕士研究生",D24="博士",D24="博士研究生",D24="其他")),"学历枚举错误","通过"))))) | AB24: =IF(AA24<>"通过","待填写",IF(OR(Y24="",Z24=""),"缺路线ID",IF(AND(Y24=A24,Z24=A24),"通过","样本ID不一致"))) | AC24: 2020 | AD24: 文学院 | AE24: 1 | AF24: 1 | AG24: 1 | AH24: 1
A25: P11 | B25: 064246b707037fb65dfbf556ad0054926a86b5a1012a7a27c160400a7ae9d8c9 | C25: 2024届 | D25: 本科 | E25: 法学 | F25: 本溪 | G25: 本溪市检察院 | H25: 1 | I25: 1 | J25: 0 | K25: 1 | L25: 1 | M25: 0 | N25: 87.08 | O25: 1 | P25: 1 | Q25: 0 | R25: 1 | S25: 1 | T25: 0 | U25: 8.8 | V25: 0 | W25: 一帖多人，本行取第1人，逐人判定见评测报告 | X25: annotator-B | Y25: P11 | Z25: P11 | AA25: =IF(COUNTA(B25:G25,X25)=0,"待填写",IF(OR(B25="",C25="",D25="",E25="",F25="",G25="",X25=""),"缺金标准",IF(NOT(AND(LEN(B25)=64,NOT(ISERROR(DECIMAL(MID(B25,1,8),16))),NOT(ISERROR(DECIMAL(MID(B25,9,8),16))),NOT(ISERROR(DECIMAL(MID(B25,17,8),16))),NOT(ISERROR(DECIMAL(MID(B25,25,8),16))),NOT(ISERROR(DECIMAL(MID(B25,33,8),16))),NOT(ISERROR(DECIMAL(MID(B25,41,8),16))),NOT(ISERROR(DECIMAL(MID(B25,49,8),16))),NOT(ISERROR(DECIMAL(MID(B25,57,8),16))))),"SHA-256格式错误",IF(RIGHT(C25,1)<>"届","届别格式错误",IF(NOT(OR(D25="本科",D25="硕士",D25="硕士研究生",D25="博士",D25="博士研究生",D25="其他")),"学历枚举错误","通过"))))) | AB25: =IF(AA25<>"通过","待填写",IF(OR(Y25="",Z25=""),"缺路线ID",IF(AND(Y25=A25,Z25=A25),"通过","样本ID不一致"))) | AC25: 2020 | AD25: 法学院 | AE25: 1 | AF25: 1 | AG25: 1 | AH25: 1
A26: P12 | B26: 6130584ed81827c914e0c6910def99d752302b6accdb08209d5fa83363a9d71f | C26: 2024届 | D26: 本科 | E26: 经济学 | F26: 吐鲁番 | G26: 高昌区审计局 | H26: 1 | I26: 1 | J26: 1 | K26: 1 | L26: 1 | M26: 1 | N26: 81.03 | O26: 1 | P26: 1 | Q26: 1 | R26: 1 | S26: 1 | T26: 1 | U26: 4.91 | V26: 0 | W26: 单人物 | X26: annotator-B | Y26: P12 | Z26: P12 | AA26: =IF(COUNTA(B26:G26,X26)=0,"待填写",IF(OR(B26="",C26="",D26="",E26="",F26="",G26="",X26=""),"缺金标准",IF(NOT(AND(LEN(B26)=64,NOT(ISERROR(DECIMAL(MID(B26,1,8),16))),NOT(ISERROR(DECIMAL(MID(B26,9,8),16))),NOT(ISERROR(DECIMAL(MID(B26,17,8),16))),NOT(ISERROR(DECIMAL(MID(B26,25,8),16))),NOT(ISERROR(DECIMAL(MID(B26,33,8),16))),NOT(ISERROR(DECIMAL(MID(B26,41,8),16))),NOT(ISERROR(DECIMAL(MID(B26,49,8),16))),NOT(ISERROR(DECIMAL(MID(B26,57,8),16))))),"SHA-256格式错误",IF(RIGHT(C26,1)<>"届","届别格式错误",IF(NOT(OR(D26="本科",D26="硕士",D26="硕士研究生",D26="博士",D26="博士研究生",D26="其他")),"学历枚举错误","通过"))))) | AB26: =IF(AA26<>"通过","待填写",IF(OR(Y26="",Z26=""),"缺路线ID",IF(AND(Y26=A26,Z26=A26),"通过","样本ID不一致"))) | AC26: 2020 | AD26: 经济学院 | AE26: 1 | AF26: 1 | AG26: 1 | AH26: 1
A27: P13 | B27: 9b3bb07375819fb630370894c667843e00bdb1dd65af83c9015f463d04b09df9 | C27: 2024届 | D27: 本科 | E27: 环境科学（中外合作办学） | F27: 临汾 | G27: 临汾市城联社 | H27: 1 | I27: 1 | J27: 0 | K27: 1 | L27: 1 | M27: 0 | N27: 85.24 | O27: 1 | P27: 1 | Q27: 1 | R27: 0 | S27: 1 | T27: 0 | U27: 11.67 | V27: 0 | W27: 一帖多人，本行取第1人，逐人判定见评测报告 | X27: annotator-B | Y27: P13 | Z27: P13 | AA27: =IF(COUNTA(B27:G27,X27)=0,"待填写",IF(OR(B27="",C27="",D27="",E27="",F27="",G27="",X27=""),"缺金标准",IF(NOT(AND(LEN(B27)=64,NOT(ISERROR(DECIMAL(MID(B27,1,8),16))),NOT(ISERROR(DECIMAL(MID(B27,9,8),16))),NOT(ISERROR(DECIMAL(MID(B27,17,8),16))),NOT(ISERROR(DECIMAL(MID(B27,25,8),16))),NOT(ISERROR(DECIMAL(MID(B27,33,8),16))),NOT(ISERROR(DECIMAL(MID(B27,41,8),16))),NOT(ISERROR(DECIMAL(MID(B27,49,8),16))),NOT(ISERROR(DECIMAL(MID(B27,57,8),16))))),"SHA-256格式错误",IF(RIGHT(C27,1)<>"届","届别格式错误",IF(NOT(OR(D27="本科",D27="硕士",D27="硕士研究生",D27="博士",D27="博士研究生",D27="其他")),"学历枚举错误","通过"))))) | AB27: =IF(AA27<>"通过","待填写",IF(OR(Y27="",Z27=""),"缺路线ID",IF(AND(Y27=A27,Z27=A27),"通过","样本ID不一致"))) | AC27: 2020 | AD27: 生命与环境科学学院 | AE27: 1 | AF27: 1 | AG27: 1 | AH27: 1
A28: P14 | B28: 21aaf2403d71f165d810f95a1247335ba785ed4990cea052ac67ed9a2cefe69c | C28: 2024届 | D28: 本科 | E28: 行政管理 | F28: 保定 | G28: 保定市徐水区财政局 | H28: 1 | I28: 1 | J28: 0 | K28: 1 | L28: 1 | M28: 0 | N28: 84.26 | O28: 1 | P28: 1 | Q28: 1 | R28: 1 | S28: 1 | T28: 1 | U28: 8.8 | V28: 0 | W28: 一帖多人，本行取第1人，逐人判定见评测报告 | X28: annotator-B | Y28: P14 | Z28: P14 | AA28: =IF(COUNTA(B28:G28,X28)=0,"待填写",IF(OR(B28="",C28="",D28="",E28="",F28="",G28="",X28=""),"缺金标准",IF(NOT(AND(LEN(B28)=64,NOT(ISERROR(DECIMAL(MID(B28,1,8),16))),NOT(ISERROR(DECIMAL(MID(B28,9,8),16))),NOT(ISERROR(DECIMAL(MID(B28,17,8),16))),NOT(ISERROR(DECIMAL(MID(B28,25,8),16))),NOT(ISERROR(DECIMAL(MID(B28,33,8),16))),NOT(ISERROR(DECIMAL(MID(B28,41,8),16))),NOT(ISERROR(DECIMAL(MID(B28,49,8),16))),NOT(ISERROR(DECIMAL(MID(B28,57,8),16))))),"SHA-256格式错误",IF(RIGHT(C28,1)<>"届","届别格式错误",IF(NOT(OR(D28="本科",D28="硕士",D28="硕士研究生",D28="博士",D28="博士研究生",D28="其他")),"学历枚举错误","通过"))))) | AB28: =IF(AA28<>"通过","待填写",IF(OR(Y28="",Z28=""),"缺路线ID",IF(AND(Y28=A28,Z28=A28),"通过","样本ID不一致"))) | AC28: 2020 | AD28: 管理学院 | AE28: 1 | AF28: 0 | AG28: 0 | AH28: 1
... A34: P20 | B34: 36494aaa525a903a7f3c72cdbaced3b777b790119453815575556c972ec9bb7b | C34: 2023届 | D34: 本科 | E34: 哲学 | F34: 乌鲁木齐 | G34: 乌鲁木齐市委统战部 | H34: 1 | I34: 1 | J34: 1 | K34: 1 | L34: 1 | M34: 1 | N34: 87.16 | O34: 1 | P34: 1 | Q34: 1 | R34: 1 | S34: 0 | T34: 0 | U34: 7.98 | V34: 0 | W34: 一帖多人，本行取第1人，逐人判定见评测报告 | X34: annotator-B | Y34: P20 | Z34: P20 | AA34: =IF(COUNTA(B34:G34,X34)=0,"待填写",IF(OR(B34="",C34="",D34="",E34="",F34="",G34="",X34=""),"缺金标准",IF(NOT(AND(LEN(B34)=64,NOT(ISERROR(DECIMAL(MID(B34,1,8),16))),NOT(ISERROR(DECIMAL(MID(B34,9,8),16))),NOT(ISERROR(DECIMAL(MID(B34,17,8),16))),NOT(ISERROR(DECIMAL(MID(B34,25,8),16))),NOT(ISERROR(DECIMAL(MID(B34,33,8),16))),NOT(ISERROR(DECIMAL(MID(B34,41,8),16))),NOT(ISERROR(DECIMAL(MID(B34,49,8),16))),NOT(ISERROR(DECIMAL(MID(B34,57,8),16))))),"SHA-256格式错误",IF(RIGHT(C34,1)<>"届","届别格式错误",IF(NOT(OR(D34="本科",D34="硕士",D34="硕士研究生",D34="博士",D34="博士研究生",D34="其他")),"学历枚举错误","通过"))))) | AB34: =IF(AA34<>"通过","待填写",IF(OR(Y34="",Z34=""),"缺路线ID",IF(AND(Y34=A34,Z34=A34),"通过","样本ID不一致"))) | AC34: 2019 | AD34: 哲学与宗教学学院 | AE34: 0 | AF34: 0 | AG34: 0 | AH34: 1
A35: 口径说明（2026-09-20 终版，与 PR #5 evaluation_report.json 一致）：0/1 与完整记录为裁决后口径=严格∪人工等价裁决（data/gold/equivalence_adjudicated.json，57 项等价）；P02 城市金标准为 null 不计分母，故城市与完整记录分母为 19；年级/学院无等价裁决项，裁决后=严格口径；耗时为 v2.2 终版重跑值；单张成本 0 元（glm-4v-flash 免费档）。
A37: 外部评测元数据 | B37: 服务商 | C37: 模型版本 | D37: 发送数据类型 | E37: 授权依据 | F37: 保留策略 | G37: 价格日期 | H37: 脱敏检查
A38: 由B填写 | B38: 智谱 zhipu (bigmodel.cn) | C38: glm-4v-flash | D38: 门户页面PDF导出派生图（等比缩至1600px） | E38: 软件工程课程内部评测；公开发布海报页面导出 | F38: 原始结果(含姓名)存仓库外受控目录；仓库只留字段值与指标 | G38: 2026-09-19（glm-4v-flash免费档0元/张） | H38: 通过（PII不入仓库，PR diff扫描0命中）

Sheet 证据索引
A2: 证据索引
A3: 仓库只保存可公开且已脱敏的小文件。录屏或大文件填写共享链接、PR或GitHub附件地址。
A5: 证据ID | B5: 角色 | C5: 关联验收ID | D5: 证据类型 | E5: 文件路径或URL | F5: 生成时间 | G5: 脱敏检查 | H5: 检查人 | I5: Commit或PR | J5: 说明
A6: E-01
A7: E-02
A8: E-03
A9: E-04
A10: E-05
A11: E-06
A12: E-07
A13: E-08
A14: E-09
A15: E-10
A16: E-11
A17: E-12
... A35: E-30

Sheet 总览
A2: 第一周验收总览
A3: 截至2026年9月20日23:59。Excel由C单人提交并据角色进度文件回填；本页自动汇总，避免多人并发编辑二进制文件。
A5: 角色 | B5: 验收项 | C5: 通过 | D5: 未达标或退回 | E5: 待填写或待接收 | F5: 完成率
A6: A | B6: =COUNTA('A验收'!A6:A18) | C6: =COUNTIF('A验收'!N6:N18,"通过") | D6: =COUNTIF('A验收'!N6:N18,"未达标")+COUNTIF('A验收'!N6:N18,"退回") | E6: =B6-C6-D6 | F6: =IF(B6=0,0,C6/B6)
A7: B | B7: =COUNTA('B验收'!A6:A23) | C7: =COUNTIF('B验收'!N6:N23,"通过") | D7: =COUNTIF('B验收'!N6:N23,"未达标")+COUNTIF('B验收'!N6:N23,"退回") | E7: =B7-C7-D7 | F7: =IF(B7=0,0,C7/B7)
A8: C | B8: =COUNTA('C验收'!A6:A27) | C8: =COUNTIF('C验收'!N6:N27,"通过") | D8: =COUNTIF('C验收'!N6:N27,"未达标")+COUNTIF('C验收'!N6:N27,"退回") | E8: =B8-C8-D8 | F8: =IF(B8=0,0,C8/B8)
A11: P0验收门 | B11: 来源 | C11: 当前状态 | D11: 说明
A12: 100篇状态台账 | B12: A-01/A-02 | C12: =IF(AND('A验收'!N6="通过",'A验收'!N7="通过"),"通过","未完成") | D12: 缺失或失败项必须有原因
A13: 5篇纵向主链 | B13: C-05 | C13: =IF('C验收'!N10="通过","通过","未完成") | D13: 采集到证据详情
A14: 20张同样本评测 | B14: B-01/B-10/B-11 | C14: =IF(AND('B验收'!N6="通过",'B验收'!N7="通过",'B验收'!N10="通过",'B验收'!N11="通过",'B验收'!N12="通过",'B验收'!N13="通过",'B验收'!N14="通过",'B验收'!N15="通过",'B验收'!N16="通过",'B验收'!N17="通过",'B验收'!N20="通过",'B验收'!N21="通过"),"通过","未完成") | D14: 五字段分别核对，20样本同批且启用结论可追溯
A15: 查询小于1秒 | B15: C-10/C-11/C-12 | C15: =IF(AND('C验收'!N15="通过",'C验收'!N16="通过",'C验收'!N17="通过"),"通过","未完成") | D15: 100行夹具至少30次
A16: Scheduler增量同步 | B16: A-12/A-13 | C16: =IF(AND('A验收'!N17="通过",'A验收'!N18="通过"),"通过","未完成") | D16: 调度、锁、游标与状态均可复现
A17: React前端与部署检查 | B17: C-17/C-18 | C17: =IF(AND('C验收'!N22="通过",'C验收'!N23="通过"),"通过","未完成") | D17: React/Vite可运行，LAN健康检查和云端HTTPS清单有证据
A18: 三角色权限与带引用回答 | B18: C-19/C-20 | C18: =IF(AND('C验收'!N24="通过",'C验收'!N25="通过"),"通过","未完成") | D18: 服务端权限和三条检索路径；第一周无Embedding
A19: 移动端与局域网灾备 | B19: C-13/C-21/C-22 | C19: =IF(AND('C验收'!N18="通过",'C验收'!N26="通过",'C验收'!N27="通过"),"通过","未完成") | D19: 两种视口及另一设备复测
A22: 填写规则 | B22: 要求 | C22: 负责人 | D22: 截止
A23: 实际值 | B23: 不填计划数，不把历史基线当本周实绩 | C23: 角色记录，C回填 | D23: 完成测试后立即
A24: 证据 | B24: 角色文件登记相对路径、PR或链接，C回填 | C24: 角色记录，C回填 | D24: 与实际值同时
A25: 接收确认 | B25: 接收方拉取指定commit并复测 | C25: 接收人 | D25: 交付后4小时内
A26: 退回 | B26: 写清字段、命令输出和修复要求 | C26: 接收人 | D26: 发现问题当日
